<?xml version="1.0" encoding="utf-8"?>
<!--/1281091/1351761/2.50/3/4/Variable Resistor/-->
<quadcept_library>
  <setting unit="mil" />
  <textstyle name="Default" height="47.244094488189" strokewidth="7.8740157480315" charwidth="47.244094488189" />
  <textstyle name="Dimension" height="19.6850393700787" strokewidth="0" charwidth="19.6850393700787" />
  <textstyle name="H127W0635TH00762" height="50" strokewidth="3" charwidth="25" />
  <textstyle name="H15W15TH02" height="59.0551181102362" strokewidth="7.8740157480315" charwidth="59.0551181102362" />
  <padstyle name="s120" surface="True" plated="False" isvia="False" nopaste="False" nomask="True" complex="False" holesize="0">
    <padshape layer="TOP" shape="square" width="47.244094488188" height="47.244094488188" />
    <padshape layer="TOP_SOLDER_MASK" shape="square" width="55.11811023622" height="55.11811023622" />
    <padshape layer="TOP_SOLDER_PASTE" shape="square" width="47.244094488188" height="47.244094488188" />
  </padstyle>
  <padstyle name="r160_150" surface="True" plated="False" isvia="False" nopaste="False" nomask="True" complex="False" holesize="0">
    <padshape layer="TOP" shape="rectangle" width="59.055118110235" height="62.992125984251" />
    <padshape layer="TOP_SOLDER_MASK" shape="rectangle" width="66.929133858267" height="70.866141732283" />
    <padshape layer="TOP_SOLDER_PASTE" shape="rectangle" width="59.055118110235" height="62.992125984251" />
  </padstyle>
  <footprint name="TC33X2503E" originx="0" originy="0" pickpointx="0" pickpointy="0">
    <pcbpin number="1" name="1" style="s120" originx="-39.370078740157" originy="-66.929133858267" rotation="90" />
    <pcbpin number="2" name="2" style="r160_150" originx="0" originy="61.023622047243" rotation="90" />
    <pcbpin number="3" name="3" style="s120" originx="39.370078740157" originy="-66.929133858267" rotation="90" />
    <line layer="TOP_ASSEMBLY" originx="-70.866141732283" originy="74.803149606298" endx="70.866141732283" endy="74.803149606298" width="7.8740157480314" />
    <line layer="TOP_ASSEMBLY" originx="70.866141732283" originy="74.803149606298" endx="70.866141732283" endy="-74.803149606298" width="7.8740157480314" />
    <line layer="TOP_ASSEMBLY" originx="70.866141732283" originy="-74.803149606298" endx="-70.866141732283" endy="-74.803149606298" width="7.8740157480314" />
    <line layer="TOP_ASSEMBLY" originx="-70.866141732283" originy="-74.803149606298" endx="-70.866141732283" endy="74.803149606298" width="7.8740157480314" />
    <line layer="TOP_PLACE_BOUND" originx="-110.23622047244" originy="129.92125984252" endx="110.23622047244" endy="129.92125984252" width="3.9370078740157" />
    <line layer="TOP_PLACE_BOUND" originx="110.23622047244" originy="129.92125984252" endx="110.23622047244" endy="-143.14960629921" width="3.9370078740157" />
    <line layer="TOP_PLACE_BOUND" originx="110.23622047244" originy="-143.14960629921" endx="-110.23622047244" endy="-143.14960629921" width="3.9370078740157" />
    <line layer="TOP_PLACE_BOUND" originx="-110.23622047244" originy="-143.14960629921" endx="-110.23622047244" endy="129.92125984252" width="3.9370078740157" />
    <line layer="TOP_SILKSCREEN" originx="-70.866141732283" originy="74.803149606298" endx="-70.866141732283" endy="-74.803149606298" width="7.8740157480314" />
    <line layer="TOP_SILKSCREEN" originx="70.866141732283" originy="-74.803149606298" endx="70.866141732283" endy="74.803149606298" width="7.8740157480314" />
    <line layer="TOP_SILKSCREEN" originx="-41.417322834645" originy="-103.34645669291" endx="-41.417322834645" endy="-103.34645669291" width="0.86614173228345" />
    <arc layer="TOP_SILKSCREEN" originx="-40.984251968503" originy="-103.34645669291" startangle="180.0" sweepangle="180.0" radius="0.43307086614173" width="0.86614173228345" />
    <line layer="TOP_SILKSCREEN" originx="-40.551181102362" originy="-103.34645669291" endx="-40.551181102362" endy="-103.34645669291" width="0.86614173228345" />
    <arc layer="TOP_SILKSCREEN" originx="-40.984251968503" originy="-103.34645669291" startangle=".0" sweepangle="180.0" radius="0.43307086614173" width="0.86614173228345" />
  </footprint>
  <symbol name="TC33X-2-103G" originx="0" originy="0">
    <line originx="200" originy="100" endx="900" endy="100" width="0" />
    <line originx="900" originy="-200" endx="900" endy="100" width="0" />
    <line originx="900" originy="-200" endx="200" endy="-200" width="0" />
    <line originx="200" originy="100" endx="200" endy="-200" width="0" />
    <sympin number="1" originx="200" originy="0" rotation="180" length="100" width="7.8740157480315" flipped="False">
      <text name="pinname" originx="230" originy="0" style="Default" rotation="0" justify="left" flipped="False" hidden="False" data="CCW" />
      <text name="pindes" originx="140" originy="20" style="Default" rotation="0" justify="lowerright" flipped="False" hidden="False" data="1" />
    </sympin>
    <sympin number="2" originx="900" originy="0" rotation="0" length="100" width="7.8740157480315" flipped="False">
      <text name="pinname" originx="870" originy="0" style="Default" rotation="0" justify="right" flipped="False" hidden="False" data="WIPER" />
      <text name="pindes" originx="960" originy="20" style="Default" rotation="0" justify="lowerleft" flipped="False" hidden="False" data="2" />
    </sympin>
    <sympin number="3" originx="200" originy="-100" rotation="180" length="100" width="7.8740157480315" flipped="False">
      <text name="pinname" originx="230" originy="-100" style="Default" rotation="0" justify="left" flipped="False" hidden="False" data="CW" />
      <text name="pindes" originx="140" originy="-80" style="Default" rotation="0" justify="lowerright" flipped="False" hidden="False" data="3" />
    </sympin>
  </symbol>
  <component name="TC33X-2-103G" designatorprefix="VR" height="47.244094488188" footprint="TC33X2503E">
    <comppin designator="1" sympin="1" pinswap="0" gateswap="0" gate="1" group="1" side="" type="Any" name="CCW" />
    <comppin designator="2" sympin="2" pinswap="0" gateswap="0" gate="1" group="1" side="" type="Any" name="WIPER" />
    <comppin designator="3" sympin="3" pinswap="0" gateswap="0" gate="1" group="1" side="" type="Any" name="CW" />
    <attached_symbol gate="1" name="TC33X-2-103G" />
    <pinmap designator="1" footprintpin="1" />
    <pinmap designator="2" footprintpin="2" />
    <pinmap designator="3" footprintpin="3" />
    <text name="Datasheet" originx="0" originy="0" style="Default" rotation="0" justify="" flipped="False" hidden="True" data="https://www.bourns.com/pdfs/TC33.pdf" />
    <text name="Description" originx="0" originy="0" style="Default" rotation="0" justify="" flipped="False" hidden="True" data="Trimmer Resistors - SMD 3MM 10KOHMS 25% 0.1WATT OPEN FRM" />
    <text name="Mouser Part Number" originx="0" originy="0" style="Default" rotation="0" justify="" flipped="False" hidden="True" data="652-TC33X-2-103G" />
    <text name="Mouser Price/Stock" originx="0" originy="0" style="Default" rotation="0" justify="" flipped="False" hidden="True" data="https://www.mouser.co.uk/ProductDetail/Bourns/TC33X-2-103G?qs=fmZCN1JtwVGHgHrSUcsPzA%3D%3D" />
    <text name="Manufacturer_Name" originx="0" originy="0" style="Default" rotation="0" justify="" flipped="False" hidden="True" data="Bourns" />
    <text name="Manufacturer_Part_Number" originx="950" originy="200" style="Default" rotation="0" justify="left" flipped="False" hidden="False" data="TC33X-2-103G" />
  </component>
</quadcept_library>
