﻿Designator,Quantity,Value,Footprint,Package,MPN,DNP,Mount_Type,MF,Description_1,Price,Check_prices,SnapEDA_Link,MP,Availability,MANUFACTURER,Description,Height,Mouser Part Number,Mouser Price/Stock,Manufacturer_Name
P1,1,24v Fan,JST_XH_S2B-XH-A_1x02_P2.50mm_Horizontal,None,,,tht,JST Sales America Inc.,"Connector Header Through Hole, Right Angle 2 position 0.098 (2.50mm)",None,https://www.snapeda.com/parts/S2B-XH-A(LF)(SN)/JST/view-part/?ref=eda,https://www.snapeda.com/parts/S2B-XH-A(LF)(SN)/JST/view-part/?ref=snap,S2B-XH-A(LF)(SN),In Stock,JST,,,,,
P2,1,24v,JST_XH_S2B-XH-A_1x02_P2.50mm_Horizontal,None,,,tht,JST Sales America Inc.,"Connector Header Through Hole, Right Angle 2 position 0.098 (2.50mm)",None,https://www.snapeda.com/parts/S2B-XH-A(LF)(SN)/JST/view-part/?ref=eda,https://www.snapeda.com/parts/S2B-XH-A(LF)(SN)/JST/view-part/?ref=snap,S2B-XH-A(LF)(SN),In Stock,JST,,,,,
P3,1,100k NTC,JST_XH_S2B-XH-A_1x02_P2.50mm_Horizontal,None,,,tht,JST Sales America Inc.,"Connector Header Through Hole, Right Angle 2 position 0.098 (2.50mm)",None,https://www.snapeda.com/parts/S2B-XH-A(LF)(SN)/JST/view-part/?ref=eda,https://www.snapeda.com/parts/S2B-XH-A(LF)(SN)/JST/view-part/?ref=snap,S2B-XH-A(LF)(SN),In Stock,JST,,,,,
Q1,1,BSH103BKR,SOT95P230X110-3N,,BSH103BKR,,smt,,,,,,,,,"NEXPERIA - BSH103BKR - Power MOSFET, N Channel, 30 V, 1 A, 0.23 ohm, SOT-23, Surface Mount",1.1,771-BSH103BKR,https://www.mouser.co.uk/ProductDetail/Nexperia/BSH103BKR?qs=GCAb4wyKXLKD%2FWt2ta8c7Q%3D%3D,Nexperia
RV1,1,10k,Potentiometer_Bourns_3266W_Vertical,,3266 W-1-103_LF,,tht,,,,,,,,,10k potentiometer,,,,
